-- MySQL dump 10.13  Distrib 5.6.30, for Win64 (x86_64)
--
-- Host: localhost    Database: zhengquan
-- ------------------------------------------------------
-- Server version	5.7.12-log

/*!40101 SET @OLD_CHARACTER_SET_CLIENT=@@CHARACTER_SET_CLIENT */;
/*!40101 SET @OLD_CHARACTER_SET_RESULTS=@@CHARACTER_SET_RESULTS */;
/*!40101 SET @OLD_COLLATION_CONNECTION=@@COLLATION_CONNECTION */;
/*!40101 SET NAMES utf8 */;
/*!40103 SET @OLD_TIME_ZONE=@@TIME_ZONE */;
/*!40103 SET TIME_ZONE='+00:00' */;
/*!40014 SET @OLD_UNIQUE_CHECKS=@@UNIQUE_CHECKS, UNIQUE_CHECKS=0 */;
/*!40014 SET @OLD_FOREIGN_KEY_CHECKS=@@FOREIGN_KEY_CHECKS, FOREIGN_KEY_CHECKS=0 */;
/*!40101 SET @OLD_SQL_MODE=@@SQL_MODE, SQL_MODE='NO_AUTO_VALUE_ON_ZERO' */;
/*!40111 SET @OLD_SQL_NOTES=@@SQL_NOTES, SQL_NOTES=0 */;

--
-- Table structure for table `deal_file`
--

DROP TABLE IF EXISTS `deal_file`;
/*!40101 SET @saved_cs_client     = @@character_set_client */;
/*!40101 SET character_set_client = utf8 */;
CREATE TABLE `deal_file` (
  `df_id` int(11) NOT NULL AUTO_INCREMENT,
  `path` varchar(150) DEFAULT NULL,
  `filetype` varchar(125) DEFAULT NULL,
  `filename` varchar(125) DEFAULT NULL,
  `diskname` varchar(125) DEFAULT NULL,
  `size` varchar(125) DEFAULT NULL,
  `userid` varchar(45) DEFAULT NULL,
  `type` int(2) DEFAULT '1' COMMENT '1:50etf期权； 2：股票',
  `status` tinyint(1) DEFAULT '1',
  `createtime` datetime DEFAULT NULL,
  `isanalyse` tinyint(1) DEFAULT '0' COMMENT '0:没有被分析； 1：已被分析',
  `analysetime` datetime DEFAULT NULL COMMENT '分析时间',
  PRIMARY KEY (`df_id`)
) ENGINE=MyISAM AUTO_INCREMENT=137 DEFAULT CHARSET=utf8 COMMENT='交易文件';
/*!40101 SET character_set_client = @saved_cs_client */;

--
-- Dumping data for table `deal_file`
--

LOCK TABLES `deal_file` WRITE;
/*!40000 ALTER TABLE `deal_file` DISABLE KEYS */;
INSERT INTO `deal_file` VALUES (133,'./filedatas/maxuan007_12','xlsx','50ETF-华泰-2016.4.1-2016.6.30.xlsx','50ETF-华泰-2016.4.1-2016.6.30.xlsx_9ffd3730-51fc-11e7-a822-87bca08476e5.xlsx','9440','12',1,1,'2017-06-16 02:58:32',0,NULL),(134,'./filedatas/maxuan007_12','xlsx','50ETF-华泰-2016.7.1-2016.9.30.xlsx','50ETF-华泰-2016.7.1-2016.9.30.xlsx_a1539f70-51fc-11e7-a822-87bca08476e5.xlsx','8970','12',1,1,'2017-06-16 02:58:34',0,NULL),(135,'./filedatas/maxuan007_12','xlsx','50ETF-华泰-2016.10.1-2016.12.30.xlsx','50ETF-华泰-2016.10.1-2016.12.30.xlsx_a255f440-51fc-11e7-a822-87bca08476e5.xlsx','9175','12',1,1,'2017-06-16 02:58:36',0,NULL),(136,'./filedatas/maxuan007_12','xlsx','50etf-海通-2017.1.1至2017.6.15.xlsx','50etf-海通-2017.1.1至2017.6.15.xlsx_a397ea20-51fc-11e7-a822-87bca08476e5.xlsx','11486','12',1,1,'2017-06-16 02:58:38',0,NULL),(132,'./filedatas/maxuan007_12','xlsx','50ETF-华泰-2016.1.1-2016.3.31.xlsx','50ETF-华泰-2016.1.1-2016.3.31.xlsx_9e702e90-51fc-11e7-a822-87bca08476e5.xlsx','13597','12',1,1,'2017-06-16 02:58:29',0,NULL);
/*!40000 ALTER TABLE `deal_file` ENABLE KEYS */;
UNLOCK TABLES;

--
-- Table structure for table `gupiao`
--

DROP TABLE IF EXISTS `gupiao`;
/*!40101 SET @saved_cs_client     = @@character_set_client */;
/*!40101 SET character_set_client = utf8 */;
CREATE TABLE `gupiao` (
  `gp_id` int(11) NOT NULL AUTO_INCREMENT,
  `code` varchar(50) NOT NULL,
  `name` varchar(80) DEFAULT '-1',
  `status` tinyint(1) DEFAULT '1',
  `price` float DEFAULT '0',
  `userid` int(11) NOT NULL,
  `createtime` datetime DEFAULT NULL COMMENT '生成时间',
  PRIMARY KEY (`gp_id`),
  UNIQUE KEY `gp_id_UNIQUE` (`gp_id`)
) ENGINE=InnoDB AUTO_INCREMENT=147 DEFAULT CHARSET=utf8;
/*!40101 SET character_set_client = @saved_cs_client */;

--
-- Dumping data for table `gupiao`
--

LOCK TABLES `gupiao` WRITE;
/*!40000 ALTER TABLE `gupiao` DISABLE KEYS */;
INSERT INTO `gupiao` VALUES (51,'600741','华域汽车',1,14.233,37,NULL),(56,'601166','兴业银行',1,12,37,NULL),(57,'600519','贵州茅台',1,250,37,NULL),(59,'600660','福耀玻璃',1,13.9,38,NULL),(67,'600660','福耀玻璃',1,13.677,37,NULL),(68,'601166','兴业银行',1,15.5,72,NULL),(69,'601006','大秦铁路',1,6.35,72,NULL),(70,'999999','test',1,9.9,72,NULL),(71,'000000','注销',0,1,72,NULL),(72,'601939','建设银行',1,4.8,3,NULL),(73,'600519','贵州茅台',1,256.13,3,NULL),(74,'600741','华域汽车',1,14.28,3,NULL),(75,'600660','福耀玻璃',1,14.49,3,NULL),(76,'600265','*ST景谷',1,25.08,3,NULL),(77,'601939','建设银行',0,5.23,12,NULL),(78,'601166','兴业银行',0,15.98,12,NULL),(79,'600519','贵州茅台',0,256.13,12,NULL),(80,'600519','贵州茅台',0,297.68,12,NULL),(81,'656770','test',0,1,12,NULL),(82,'06818','HK光大银行',0,3,12,NULL),(83,'00656','福星',0,13,12,NULL),(84,'00656','复星国际',1,12.14,12,NULL),(85,'00939','建设银行',1,6.18,12,NULL),(86,'06818','中国光大银行',1,3.85,12,NULL),(87,'600741','华域汽车',1,16.71,12,NULL),(88,'150175','H股A',1,0.957,12,NULL),(89,'150194','互联网A',1,1,12,NULL),(90,'150207','地产A端',1,0.996,12,NULL),(91,'601166','兴业银行',1,15.8,12,NULL),(92,'601939','建设银行',1,5.9,12,NULL),(93,'600660','福耀玻璃',1,19.61,12,NULL),(94,'600519','贵州茅台',0,297.68,12,NULL),(95,'600519','贵州茅台',0,297.68,12,NULL),(124,'600519','贵州茅台',1,355.81,12,'2017-02-26 21:15:57'),(125,'300059','东方财富',0,16.61,12,'2017-02-28 19:20:34'),(126,'000006','深振业Ａ',0,8.78,12,'2017-02-28 20:56:14'),(127,'00989','广泽国际发展',0,2.02,12,'2017-03-01 14:50:23'),(128,'00998','中信银行',0,5.33,12,'2017-03-01 14:51:22'),(129,'600016','民生银行',0,9.04,12,'2017-03-01 14:54:00'),(130,'510050','50ETF',0,2.367,12,'2017-03-01 14:54:21'),(131,'510050','50ETF',0,2.367,12,'2017-03-01 14:55:19'),(132,'600837','海通证券',1,15.49,12,'2017-03-01 14:56:05'),(133,'000002','万 科Ａ',0,20.5,12,'2017-03-01 14:57:03'),(134,'601066','-1',0,0,12,'2017-03-01 15:09:49'),(135,'601066','-1',0,0,12,'2017-03-01 15:10:51'),(136,'601611','中国核建',1,17.28,12,'2017-03-01 15:40:13'),(137,'510050','50ETF',0,2.368,12,'2017-03-01 15:40:54'),(138,'510050','50ETF',0,2.368,12,'2017-03-01 15:51:17'),(139,'510050','50ETF',0,2.368,12,'2017-03-01 16:06:25'),(140,'510050','50ETF',0,2.368,12,'2017-03-01 16:09:32'),(141,'510050','50ETF',0,2.368,12,'2017-03-01 16:13:40'),(142,'510050','50ETF',0,2.368,12,'2017-03-01 16:14:12'),(143,'510050','50ETF',0,2.368,12,'2017-03-01 16:17:21'),(144,'510050','50ETF',0,2.368,12,'2017-03-01 16:21:38'),(145,'510050','50ETF',0,2.368,12,'2017-03-01 16:24:27'),(146,'510050','50ETF',1,2.343,12,'2017-03-03 15:56:37');
/*!40000 ALTER TABLE `gupiao` ENABLE KEYS */;
UNLOCK TABLES;

--
-- Table structure for table `gupiao_deal`
--

DROP TABLE IF EXISTS `gupiao_deal`;
/*!40101 SET @saved_cs_client     = @@character_set_client */;
/*!40101 SET character_set_client = utf8 */;
CREATE TABLE `gupiao_deal` (
  `gd_id` int(11) NOT NULL AUTO_INCREMENT,
  `gp_id` int(11) NOT NULL,
  `userid` int(11) NOT NULL,
  `buysell` float DEFAULT NULL,
  `count` int(11) NOT NULL,
  `dealdate` date DEFAULT NULL,
  `status` tinyint(1) NOT NULL DEFAULT '1',
  `price` float NOT NULL,
  `deal_money` float DEFAULT '0',
  `flag` tinyint(1) NOT NULL DEFAULT '1',
  `remark` varchar(85) DEFAULT NULL,
  `deal_code` varchar(100) DEFAULT NULL,
  PRIMARY KEY (`gd_id`),
  UNIQUE KEY `gd_id_UNIQUE` (`gd_id`)
) ENGINE=InnoDB AUTO_INCREMENT=61 DEFAULT CHARSET=utf8;
/*!40101 SET character_set_client = @saved_cs_client */;

--
-- Dumping data for table `gupiao_deal`
--

LOCK TABLES `gupiao_deal` WRITE;
/*!40000 ALTER TABLE `gupiao_deal` DISABLE KEYS */;
INSERT INTO `gupiao_deal` VALUES (1,51,37,NULL,1000,NULL,1,10.5,NULL,1,NULL,NULL),(2,51,37,NULL,1000,NULL,1,11,NULL,2,NULL,NULL),(3,51,37,NULL,1000,NULL,1,13.08,NULL,1,NULL,NULL),(4,51,37,NULL,1000,NULL,1,13.15,NULL,2,NULL,NULL),(5,51,37,NULL,2000,NULL,1,13.18,NULL,1,NULL,NULL),(6,51,37,NULL,1000,NULL,1,13.2,NULL,2,NULL,NULL),(7,56,37,NULL,2000,NULL,1,12.1,NULL,1,NULL,NULL),(8,56,37,NULL,1000,NULL,1,12,NULL,2,NULL,NULL),(9,68,72,NULL,50000,NULL,1,15.5,NULL,1,NULL,NULL),(10,68,72,NULL,20000,NULL,1,16,NULL,2,NULL,NULL),(11,67,37,NULL,3000,NULL,1,13.6,NULL,1,NULL,NULL),(12,51,37,NULL,500,'2016-05-05',1,15,NULL,2,NULL,NULL),(13,51,37,NULL,3000,'2016-05-17',1,13.9,NULL,1,NULL,NULL),(14,51,37,NULL,1000,'2016-05-20',1,15.3,NULL,2,NULL,NULL),(15,57,37,NULL,500,'2016-06-06',1,230,NULL,1,NULL,NULL),(16,75,3,NULL,2000,'2016-05-20',1,2.5,NULL,1,NULL,NULL),(17,75,3,NULL,1000,'2016-05-25',1,2.8,NULL,2,NULL,NULL),(26,85,12,NULL,1000,'2016-02-23',1,4.63,3891.23,1,NULL,NULL),(27,84,12,NULL,1000,'2016-06-07',1,10.9,9258.7,1,NULL,NULL),(29,85,12,NULL,0,'2016-07-26',1,0,219.2,2,'股息',NULL),(30,85,12,NULL,1000,'2016-09-09',1,6.07,5232.73,2,'',NULL),(31,86,12,NULL,3000,'2016-09-09',1,3.78,9785.13,1,'',NULL),(32,93,12,NULL,500,'2016-04-07',1,15.19,7582.25,2,'',NULL),(33,87,12,NULL,400,'2016-04-07',1,15.31,6129.12,1,'',NULL),(34,91,12,NULL,0,'2016-06-03',1,0,244,2,'股息',NULL),(35,87,12,NULL,0,'2016-06-22',1,0,972,2,'股息',NULL),(36,91,12,NULL,400,'2016-09-07',1,15.95,6368.49,2,'',NULL),(37,91,12,NULL,0,'2016-09-08',1,0,24.4,1,'股息补税',NULL),(38,92,12,NULL,2000,'2016-01-04',1,5.65,11283.5,2,'',NULL),(39,87,12,NULL,300,'2016-01-27',1,13.36,4013.08,1,'',NULL),(40,91,12,NULL,400,'2015-11-02',1,15.25,6105.12,1,'',NULL),(41,92,12,NULL,2000,'2015-10-20',1,5.45,10905.2,1,'',NULL),(42,87,12,NULL,500,'2015-10-30',1,15.55,7780.15,1,'',NULL),(43,93,12,NULL,500,'2015-10-30',1,13.52,6765.14,1,'',NULL),(44,89,12,NULL,5000,'2016-04-14',1,0.973,4870,1,'',NULL),(45,89,12,NULL,20000,'2016-04-18',1,0.975,19505,1,'',NULL),(46,90,12,NULL,25000,'2016-04-22',1,0.984,24606.5,1,'',NULL),(47,87,12,NULL,500,'2016-05-05',1,15.09,7550.15,1,'',NULL),(48,87,12,NULL,400,'2016-05-10',1,13.94,5581.11,1,'',NULL),(49,90,12,NULL,25000,'2016-08-08',1,1.025,25620,2,'',NULL),(50,88,12,NULL,26000,'2016-08-08',1,0.967,25147,1,'',NULL),(51,89,12,NULL,25000,'2016-08-24',1,1.034,25845,2,'',NULL),(52,88,12,NULL,24000,'2016-08-24',1,0.978,23477,1,'',NULL),(53,88,12,NULL,50000,'2016-10-10',1,1.012,50610,2,'',NULL),(54,86,12,NULL,7000,'2016-10-11',1,3.68,22317.5,1,'',NULL),(55,86,12,NULL,2000,'2016-10-13',1,3.54,6146.66,1,'',NULL),(56,86,12,NULL,5000,'2016-11-23',1,3.48,15520.5,1,'',NULL),(57,87,12,NULL,0,'2016-06-22',1,0,729,2,'股息',NULL),(58,87,12,NULL,1200,'2016-11-29',1,17.12,20516.9,2,'',NULL),(59,87,12,NULL,0,'2016-11-29',1,0,24.3,1,'红利税补缴',NULL),(60,87,12,NULL,0,'2016-11-29',1,0,32.4,1,'红利税补缴',NULL);
/*!40000 ALTER TABLE `gupiao_deal` ENABLE KEYS */;
UNLOCK TABLES;

--
-- Table structure for table `qiquan`
--

DROP TABLE IF EXISTS `qiquan`;
/*!40101 SET @saved_cs_client     = @@character_set_client */;
/*!40101 SET character_set_client = utf8 */;
CREATE TABLE `qiquan` (
  `qq_id` int(11) NOT NULL AUTO_INCREMENT,
  `code` varchar(60) NOT NULL,
  `name` tinytext,
  `status` tinyint(1) NOT NULL DEFAULT '1',
  `flag` tinyint(1) NOT NULL DEFAULT '-1',
  `canceldate` date DEFAULT NULL,
  `price` float DEFAULT NULL,
  `userid` int(11) NOT NULL,
  `createtime` datetime(6) DEFAULT NULL,
  PRIMARY KEY (`qq_id`),
  UNIQUE KEY `qq_id_UNIQUE` (`qq_id`)
) ENGINE=InnoDB AUTO_INCREMENT=167 DEFAULT CHARSET=utf8;
/*!40101 SET character_set_client = @saved_cs_client */;

--
-- Dumping data for table `qiquan`
--

LOCK TABLES `qiquan` WRITE;
/*!40000 ALTER TABLE `qiquan` DISABLE KEYS */;
INSERT INTO `qiquan` VALUES (138,'10000403','50ETF沽3月1850',1,-1,NULL,NULL,12,'2017-06-16 02:59:02.792000'),(139,'10000576','50ETF购4月2000',1,-1,NULL,NULL,12,'2017-06-16 02:59:02.842000'),(140,'10000551','50ETF购6月1850',1,-1,NULL,NULL,12,'2017-06-16 02:59:02.881000'),(141,'10000541','50ETF购6月1950',1,-1,NULL,NULL,12,'2017-06-16 02:59:02.976000'),(142,'10000567','50ETF购6月1800',1,-1,NULL,NULL,12,'2017-06-16 02:59:03.034000'),(143,'10000404','50ETF沽3月1900',1,-1,NULL,NULL,12,'2017-06-16 02:59:03.059000'),(144,'10000378','50ETF沽3月2000',1,-1,NULL,NULL,12,'2017-06-16 02:59:03.081000'),(145,'10000401','50ETF购3月1900',1,-1,NULL,NULL,12,'2017-06-16 02:59:03.117000'),(146,'10000552','50ETF购6月1900',1,-1,NULL,NULL,12,'2017-06-16 02:59:03.165000'),(147,'10000400','50ETF购3月1850',1,-1,NULL,NULL,12,'2017-06-16 02:59:03.191000'),(148,'10000399','50ETF购3月1800',1,-1,NULL,NULL,12,'2017-06-16 02:59:03.215000'),(149,'10000376','50ETF购3月2100',1,-1,NULL,NULL,12,'2017-06-16 02:59:03.239000'),(150,'10000374','50ETF购3月2000',1,-1,NULL,NULL,12,'2017-06-16 02:59:03.284000'),(151,'10000373','50ETF购3月1950',1,-1,NULL,NULL,12,'2017-06-16 02:59:03.307000'),(152,'10000377','50ETF沽3月1950',1,-1,NULL,NULL,12,'2017-06-16 02:59:03.333000'),(153,'10000333','50ETF购3月2250',1,-1,NULL,NULL,12,'2017-06-16 02:59:03.363000'),(154,'10000520','50ETF购2月2150',1,-1,NULL,NULL,12,'2017-06-16 02:59:03.391000'),(155,'10000375','50ETF购3月2050',1,-1,NULL,NULL,12,'2017-06-16 02:59:03.425000'),(156,'10000346','50ETF购3月2200',1,-1,NULL,NULL,12,'2017-06-16 02:59:03.464000'),(157,'10000671','50ETF购3月2055A',1,-1,NULL,NULL,12,'2017-06-16 02:59:09.612000'),(158,'10000629','50ETF购12月1950',1,-1,NULL,NULL,12,'2017-06-16 02:59:09.650000'),(159,'10000631','50ETF购7月1950',1,-1,NULL,NULL,12,'2017-06-16 02:59:11.610000'),(160,'10000672','50ETF购3月2104A',1,-1,NULL,NULL,12,'2017-06-16 02:59:16.109000'),(161,'10000867','50ETF购4月2250',1,-1,NULL,NULL,12,'2017-06-16 02:59:16.131000'),(162,'10000727','50ETF购6月2153A',1,-1,NULL,NULL,12,'2017-06-16 02:59:16.158000'),(163,'10000869','50ETF购5月2250',1,-1,NULL,NULL,12,'2017-06-16 02:59:16.188000'),(164,'10000885','50ETF购9月2200',1,-1,NULL,NULL,12,'2017-06-16 02:59:16.220000'),(165,'10000747','50ETF购6月2446A',1,-1,NULL,NULL,12,'2017-06-16 02:59:16.278000'),(166,'10000902','50ETF购7月2350',1,-1,NULL,NULL,12,'2017-06-16 02:59:16.325000');
/*!40000 ALTER TABLE `qiquan` ENABLE KEYS */;
UNLOCK TABLES;

--
-- Table structure for table `qiquan_deal`
--

DROP TABLE IF EXISTS `qiquan_deal`;
/*!40101 SET @saved_cs_client     = @@character_set_client */;
/*!40101 SET character_set_client = utf8 */;
CREATE TABLE `qiquan_deal` (
  `qd_id` int(11) NOT NULL AUTO_INCREMENT,
  `qq_id` int(11) NOT NULL,
  `userid` int(11) NOT NULL,
  `buysell` float DEFAULT NULL,
  `flag` tinyint(1) NOT NULL,
  `count` int(11) NOT NULL,
  `dealdate` date DEFAULT NULL,
  `status` tinyint(1) NOT NULL DEFAULT '1',
  `price` float NOT NULL,
  `deal_money` float DEFAULT '0',
  `remark` text COMMENT '备注',
  `deal_code` varchar(100) DEFAULT NULL,
  PRIMARY KEY (`qd_id`),
  UNIQUE KEY `qd_id_UNIQUE` (`qd_id`)
) ENGINE=InnoDB AUTO_INCREMENT=511 DEFAULT CHARSET=utf8;
/*!40101 SET character_set_client = @saved_cs_client */;

--
-- Dumping data for table `qiquan_deal`
--

LOCK TABLES `qiquan_deal` WRITE;
/*!40000 ALTER TABLE `qiquan_deal` DISABLE KEYS */;
INSERT INTO `qiquan_deal` VALUES (403,138,12,NULL,2,8,'2016-03-22',1,0,-56,NULL,'9e97dad1-51fc-11e7-a822-87bca08476e5'),(404,139,12,NULL,1,1,'2016-03-17',1,0.1598,1605,NULL,'9e9801e0-51fc-11e7-a822-87bca08476e5'),(405,140,12,NULL,2,1,'2016-03-17',1,0.2852,2845,NULL,'9e9801e1-51fc-11e7-a822-87bca08476e5'),(406,141,12,NULL,1,2,'2016-03-16',1,0.195,3914,NULL,'9e9801e2-51fc-11e7-a822-87bca08476e5'),(407,141,12,NULL,1,1,'2016-03-16',1,0.1948,1955,NULL,'9e9828f0-51fc-11e7-a822-87bca08476e5'),(408,142,12,NULL,2,3,'2016-03-16',1,0.298,8919,NULL,'9e985000-51fc-11e7-a822-87bca08476e5'),(409,141,12,NULL,1,2,'2016-03-16',1,0.1947,3908,NULL,'9e985001-51fc-11e7-a822-87bca08476e5'),(410,142,12,NULL,2,2,'2016-03-16',1,0.2979,5944,NULL,'9e985002-51fc-11e7-a822-87bca08476e5'),(411,143,12,NULL,2,5,'2016-03-14',1,0.0031,120,NULL,'9e989e20-51fc-11e7-a822-87bca08476e5'),(412,144,12,NULL,2,2,'2016-03-14',1,0.0163,312,NULL,'9e989e21-51fc-11e7-a822-87bca08476e5'),(413,143,12,NULL,1,1,'2016-03-07',1,0.0154,161,NULL,'9e98c530-51fc-11e7-a822-87bca08476e5'),(414,144,12,NULL,1,2,'2016-03-07',1,0.0391,796,NULL,'9e98c531-51fc-11e7-a822-87bca08476e5'),(415,138,12,NULL,1,8,'2016-03-07',1,0.0095,816,NULL,'9e98ec40-51fc-11e7-a822-87bca08476e5'),(416,143,12,NULL,1,4,'2016-03-07',1,0.0151,632,NULL,'9e98ec41-51fc-11e7-a822-87bca08476e5'),(417,145,12,NULL,2,1,'2016-03-03',1,0.192,1913,NULL,'9e98ec42-51fc-11e7-a822-87bca08476e5'),(418,141,12,NULL,1,1,'2016-03-03',1,0.165,1657,NULL,'9e98ec43-51fc-11e7-a822-87bca08476e5'),(419,146,12,NULL,1,2,'2016-03-03',1,0.1989,3992,NULL,'9e991350-51fc-11e7-a822-87bca08476e5'),(420,147,12,NULL,2,1,'2016-03-03',1,0.2447,2440,NULL,'9e993a60-51fc-11e7-a822-87bca08476e5'),(421,148,12,NULL,2,1,'2016-03-03',1,0.2926,2919,NULL,'9e9bf980-51fc-11e7-a822-87bca08476e5'),(422,149,12,NULL,2,2,'2016-03-02',1,0.0295,576,NULL,'9e9bf981-51fc-11e7-a822-87bca08476e5'),(423,149,12,NULL,2,1,'2016-03-02',1,0.0295,288,NULL,'9e9c2090-51fc-11e7-a822-87bca08476e5'),(424,149,12,NULL,2,1,'2016-03-02',1,0.0314,307,NULL,'9e9da730-51fc-11e7-a822-87bca08476e5'),(425,149,12,NULL,2,1,'2016-03-02',1,0.0314,307,NULL,'9e9dce40-51fc-11e7-a822-87bca08476e5'),(426,149,12,NULL,2,1,'2016-03-02',1,0.0308,301,NULL,'9e9dce41-51fc-11e7-a822-87bca08476e5'),(427,149,12,NULL,2,1,'2016-03-02',1,0.0308,301,NULL,'9e9df550-51fc-11e7-a822-87bca08476e5'),(428,149,12,NULL,2,1,'2016-03-02',1,0.0312,305,NULL,'9e9df551-51fc-11e7-a822-87bca08476e5'),(429,149,12,NULL,2,1,'2016-03-01',1,0.0198,191,NULL,'9e9df552-51fc-11e7-a822-87bca08476e5'),(430,149,12,NULL,2,1,'2016-03-01',1,0.0193,186,NULL,'9e9e1c60-51fc-11e7-a822-87bca08476e5'),(431,149,12,NULL,2,3,'2016-03-01',1,0.0192,555,NULL,'9e9e1c61-51fc-11e7-a822-87bca08476e5'),(432,148,12,NULL,1,1,'2016-02-25',1,0.1566,1573,NULL,'9e9e6a80-51fc-11e7-a822-87bca08476e5'),(433,149,12,NULL,1,1,'2016-02-24',1,0.0143,150,NULL,'9e9e6a81-51fc-11e7-a822-87bca08476e5'),(434,149,12,NULL,1,7,'2016-02-24',1,0.0144,1057,NULL,'9e9e6a82-51fc-11e7-a822-87bca08476e5'),(435,150,12,NULL,2,2,'2016-02-24',1,0.0361,708,NULL,'9e9e6a83-51fc-11e7-a822-87bca08476e5'),(436,150,12,NULL,1,2,'2016-02-24',1,0.0423,860,NULL,'9e9e9190-51fc-11e7-a822-87bca08476e5'),(437,151,12,NULL,2,2,'2016-02-24',1,0.0631,1248,NULL,'9e9e9191-51fc-11e7-a822-87bca08476e5'),(438,151,12,NULL,1,2,'2016-02-24',1,0.067,1354,NULL,'9e9e9192-51fc-11e7-a822-87bca08476e5'),(439,152,12,NULL,2,1,'2016-02-24',1,0.0591,584,NULL,'9e9eb8a0-51fc-11e7-a822-87bca08476e5'),(440,152,12,NULL,1,1,'2016-02-24',1,0.0564,571,NULL,'9e9eb8a1-51fc-11e7-a822-87bca08476e5'),(441,151,12,NULL,2,1,'2016-02-24',1,0.0727,720,NULL,'9e9edfb0-51fc-11e7-a822-87bca08476e5'),(442,151,12,NULL,1,1,'2016-02-24',1,0.0674,681,NULL,'9e9edfb1-51fc-11e7-a822-87bca08476e5'),(443,149,12,NULL,1,5,'2016-02-22',1,0.0297,1520,NULL,'9e9f06c0-51fc-11e7-a822-87bca08476e5'),(444,153,12,NULL,2,5,'2016-02-22',1,0.0071,320,NULL,'9e9f06c1-51fc-11e7-a822-87bca08476e5'),(445,153,12,NULL,1,5,'2016-02-22',1,0.0073,400,NULL,'9e9f06c2-51fc-11e7-a822-87bca08476e5'),(446,154,12,NULL,1,1,'2016-02-22',1,0.0004,11,NULL,'9e9f06c3-51fc-11e7-a822-87bca08476e5'),(447,154,12,NULL,2,1,'2016-02-22',1,0.0003,-4,NULL,'9e9f2dd0-51fc-11e7-a822-87bca08476e5'),(448,148,12,NULL,2,1,'2016-02-18',1,0.1944,1937,NULL,'9e9f2dd1-51fc-11e7-a822-87bca08476e5'),(449,142,12,NULL,1,1,'2016-02-14',1,0.204,2047,NULL,'9e9f2dd2-51fc-11e7-a822-87bca08476e5'),(450,142,12,NULL,1,1,'2016-01-28',1,0.2151,2158,NULL,'9e9f2dd3-51fc-11e7-a822-87bca08476e5'),(451,145,12,NULL,1,1,'2016-01-28',1,0.138,1387,NULL,'9e9f54e0-51fc-11e7-a822-87bca08476e5'),(452,142,12,NULL,1,1,'2016-01-28',1,0.205,2057,NULL,'9e9fca10-51fc-11e7-a822-87bca08476e5'),(453,142,12,NULL,1,1,'2016-01-28',1,0.2093,2100,NULL,'9e9ff120-51fc-11e7-a822-87bca08476e5'),(454,155,12,NULL,2,1,'2016-01-28',1,0.0665,658,NULL,'9e9ff121-51fc-11e7-a822-87bca08476e5'),(455,142,12,NULL,1,1,'2016-01-28',1,0.2108,2115,NULL,'9e9ff122-51fc-11e7-a822-87bca08476e5'),(456,148,12,NULL,2,1,'2016-01-28',1,0.1945,1938,NULL,'9ea01830-51fc-11e7-a822-87bca08476e5'),(457,140,12,NULL,1,1,'2016-01-26',1,0.1659,1666,NULL,'9ea01831-51fc-11e7-a822-87bca08476e5'),(458,149,12,NULL,2,3,'2016-01-24',1,0.075,2229,NULL,'9ea01832-51fc-11e7-a822-87bca08476e5'),(459,156,12,NULL,2,2,'2016-01-24',1,0.0468,922,NULL,'9ea03f40-51fc-11e7-a822-87bca08476e5'),(460,148,12,NULL,1,1,'2016-01-17',1,0.2789,2796,NULL,'9ea03f41-51fc-11e7-a822-87bca08476e5'),(461,148,12,NULL,1,1,'2016-01-14',1,0.2874,2881,NULL,'9ea06650-51fc-11e7-a822-87bca08476e5'),(462,147,12,NULL,1,1,'2016-01-10',1,0.3081,3088,NULL,'9ea0db80-51fc-11e7-a822-87bca08476e5'),(463,157,12,NULL,2,1,'2016-12-12',1,0.3188,3251.14,NULL,'a2586541-51fc-11e7-a822-87bca08476e5'),(464,157,12,NULL,2,1,'2016-12-11',1,0.3381,3448.38,NULL,'a2586542-51fc-11e7-a822-87bca08476e5'),(465,157,12,NULL,1,2,'2016-10-24',1,0.2198,4410,NULL,'a2586543-51fc-11e7-a822-87bca08476e5'),(466,158,12,NULL,2,2,'2016-10-24',1,0.3623,7232,NULL,'a2588c50-51fc-11e7-a822-87bca08476e5'),(467,141,12,NULL,2,2,'2016-06-14',1,0.1608,3202,NULL,'a0004471-51fc-11e7-a822-87bca08476e5'),(468,159,12,NULL,1,2,'2016-05-31',1,0.201,4034,NULL,'a0004472-51fc-11e7-a822-87bca08476e5'),(469,141,12,NULL,2,2,'2016-05-31',1,0.202,4026,NULL,'a0006b80-51fc-11e7-a822-87bca08476e5'),(470,141,12,NULL,2,1,'2016-05-31',1,0.2017,2010,NULL,'a0006b81-51fc-11e7-a822-87bca08476e5'),(471,141,12,NULL,2,1,'2016-05-29',1,0.1242,1235,NULL,'a0009290-51fc-11e7-a822-87bca08476e5'),(472,146,12,NULL,2,1,'2016-05-05',1,0.2163,2156,NULL,'a0009291-51fc-11e7-a822-87bca08476e5'),(473,146,12,NULL,2,1,'2016-04-13',1,0.2791,2784,NULL,'a0009292-51fc-11e7-a822-87bca08476e5'),(474,139,12,NULL,2,1,'2016-04-04',1,0.1722,1715,NULL,'a000b9a0-51fc-11e7-a822-87bca08476e5'),(475,158,12,NULL,1,2,'2016-07-20',1,0.279,5594,NULL,'a1554d21-51fc-11e7-a822-87bca08476e5'),(476,159,12,NULL,2,2,'2016-07-20',1,0.274,5466,NULL,'a1554d22-51fc-11e7-a822-87bca08476e5'),(477,157,12,NULL,2,1,'2017-03-01',1,0.3094,3155.07,NULL,'a39997d1-51fc-11e7-a822-87bca08476e5'),(478,160,12,NULL,2,8,'2017-03-01',1,0.2614,21316.1,NULL,'a399bee0-51fc-11e7-a822-87bca08476e5'),(479,161,12,NULL,1,9,'2017-03-01',1,0.1194,10809,NULL,'a399bee1-51fc-11e7-a822-87bca08476e5'),(480,161,12,NULL,1,1,'2017-03-01',1,0.1181,1188,NULL,'a399bee2-51fc-11e7-a822-87bca08476e5'),(481,162,12,NULL,1,2,'2017-03-08',1,0.1899,3895.56,NULL,'a399e5f0-51fc-11e7-a822-87bca08476e5'),(482,161,12,NULL,2,2,'2017-03-08',1,0.0917,1820,NULL,'a399e5f1-51fc-11e7-a822-87bca08476e5'),(483,161,12,NULL,2,3,'2017-04-09',1,0.1314,3921,NULL,'a39a8230-51fc-11e7-a822-87bca08476e5'),(484,161,12,NULL,2,3,'2017-04-09',1,0.1315,3924,NULL,'a39a8231-51fc-11e7-a822-87bca08476e5'),(485,161,12,NULL,2,2,'2017-04-09',1,0.1324,2634,NULL,'a39aa940-51fc-11e7-a822-87bca08476e5'),(486,163,12,NULL,1,5,'2017-04-09',1,0.1332,6695,NULL,'a39aa941-51fc-11e7-a822-87bca08476e5'),(487,163,12,NULL,2,3,'2017-04-09',1,0.1321,3942,NULL,'a39b4580-51fc-11e7-a822-87bca08476e5'),(488,162,12,NULL,1,2,'2017-05-01',1,0.1909,3916,NULL,'a39b4581-51fc-11e7-a822-87bca08476e5'),(489,162,12,NULL,1,1,'2017-05-01',1,0.1908,1956.98,NULL,'a39b4582-51fc-11e7-a822-87bca08476e5'),(490,162,12,NULL,1,1,'2017-05-01',1,0.1908,1956.98,NULL,'a39b93a0-51fc-11e7-a822-87bca08476e5'),(491,163,12,NULL,2,2,'2017-05-01',1,0.095,1886,NULL,'a39b93a1-51fc-11e7-a822-87bca08476e5'),(492,164,12,NULL,1,2,'2017-05-11',1,0.1584,3182,NULL,'a39b93a2-51fc-11e7-a822-87bca08476e5'),(493,164,12,NULL,1,2,'2017-05-11',1,0.1584,3182,NULL,'a39c2fe0-51fc-11e7-a822-87bca08476e5'),(494,162,12,NULL,2,1,'2017-05-24',1,0.2534,2582.75,NULL,'a39c2fe1-51fc-11e7-a822-87bca08476e5'),(495,162,12,NULL,2,2,'2017-05-24',1,0.2534,5165.5,NULL,'a39c56f0-51fc-11e7-a822-87bca08476e5'),(496,162,12,NULL,2,2,'2017-05-24',1,0.2534,5165.5,NULL,'a39c7e00-51fc-11e7-a822-87bca08476e5'),(497,162,12,NULL,2,1,'2017-05-24',1,0.2534,2582.75,NULL,'a39ca510-51fc-11e7-a822-87bca08476e5'),(498,164,12,NULL,1,6,'2017-05-24',1,0.2098,12630,NULL,'a39ca511-51fc-11e7-a822-87bca08476e5'),(499,165,12,NULL,1,1,'2017-05-25',1,0.0369,384.12,NULL,'a39ca512-51fc-11e7-a822-87bca08476e5'),(500,165,12,NULL,1,1,'2017-05-25',1,0.037,385.14,NULL,'a39cf330-51fc-11e7-a822-87bca08476e5'),(501,165,12,NULL,1,1,'2017-05-25',1,0.037,385.14,NULL,'a39d1a40-51fc-11e7-a822-87bca08476e5'),(502,165,12,NULL,2,1,'2017-06-01',1,0.0579,584.74,NULL,'a39d1a41-51fc-11e7-a822-87bca08476e5'),(503,165,12,NULL,2,1,'2017-06-01',1,0.0579,584.74,NULL,'a39d1a42-51fc-11e7-a822-87bca08476e5'),(504,165,12,NULL,2,1,'2017-06-01',1,0.0579,584.74,NULL,'a39d6860-51fc-11e7-a822-87bca08476e5'),(505,164,12,NULL,2,10,'2017-06-01',1,0.2951,29440,NULL,'a39d6861-51fc-11e7-a822-87bca08476e5'),(506,166,12,NULL,1,1,'2017-06-01',1,0.1465,1472,NULL,'a39d8f70-51fc-11e7-a822-87bca08476e5'),(507,166,12,NULL,1,9,'2017-06-01',1,0.1454,13149,NULL,'a39d8f71-51fc-11e7-a822-87bca08476e5'),(508,165,12,NULL,1,3,'2017-06-04',1,0.036,1124.76,NULL,'a39d8f72-51fc-11e7-a822-87bca08476e5'),(509,165,12,NULL,2,1,'2017-06-06',1,0.046,463.12,NULL,'a39db680-51fc-11e7-a822-87bca08476e5'),(510,165,12,NULL,2,2,'2017-06-06',1,0.046,926.24,NULL,'a39db681-51fc-11e7-a822-87bca08476e5');
/*!40000 ALTER TABLE `qiquan_deal` ENABLE KEYS */;
UNLOCK TABLES;

--
-- Table structure for table `refer_qiquan`
--

DROP TABLE IF EXISTS `refer_qiquan`;
/*!40101 SET @saved_cs_client     = @@character_set_client */;
/*!40101 SET character_set_client = utf8 */;
CREATE TABLE `refer_qiquan` (
  `rq_id` int(11) NOT NULL AUTO_INCREMENT,
  `code` varchar(45) DEFAULT NULL,
  `name` varchar(45) DEFAULT NULL,
  `status` tinyint(1) DEFAULT NULL,
  `flag` tinyint(1) DEFAULT NULL,
  `cancelDate` date DEFAULT NULL,
  `buy_1` varchar(45) DEFAULT NULL,
  `userid` varchar(45) DEFAULT NULL,
  `sale_1` varchar(45) DEFAULT NULL,
  `price` varchar(45) DEFAULT NULL,
  PRIMARY KEY (`rq_id`)
) ENGINE=MyISAM AUTO_INCREMENT=74 DEFAULT CHARSET=utf8 COMMENT='智能期权的对比物';
/*!40101 SET character_set_client = @saved_cs_client */;

--
-- Dumping data for table `refer_qiquan`
--

LOCK TABLES `refer_qiquan` WRITE;
/*!40000 ALTER TABLE `refer_qiquan` DISABLE KEYS */;
INSERT INTO `refer_qiquan` VALUES (45,'10000671','50ETF购3月2055',1,1,NULL,'0.2862','12','0.2871','0.2862'),(46,'10000672','50ETF购3月2104',1,1,NULL,'0.2375','12','0.2384','0.2374'),(47,'10000673','50ETF购3月2153',1,1,NULL,'0.1885','12','0.1896','0.1889'),(48,'10000674','50ETF购3月2202',1,1,NULL,'0.1403','12','0.1410','0.1403'),(49,'10000675','50ETF购3月2250',1,1,NULL,'0.0937','12','0.0940','0.0941'),(50,'10000681','50ETF购3月2299',1,1,NULL,'0.0508','12','0.0512','0.0509'),(51,'10000727','50ETF购6月2153',1,1,NULL,'0.2041','12','0.2042','0.2042'),(52,'10000728','50ETF购6月2202',1,1,NULL,'0.1636','12','0.1640','0.1634'),(53,'10000729','50ETF购6月2250',1,1,NULL,'0.1282','12','0.1285','0.1280'),(54,'10000730','50ETF购6月2299',1,1,NULL,'0.0972','12','0.0980','0.0984'),(55,'10000731','50ETF购6月2348',1,1,NULL,'0.0720','12','0.0728','0.0723'),(56,'10000629','50ETF购12月1908',1,1,NULL,'0.5246','19','0.5255','0.5256'),(57,'10000625','50ETF购12月1957',1,1,NULL,'0.4759','19','0.4777','0.4773'),(58,'10000615','50ETF购12月2006',1,1,NULL,'0.4272','19','0.4292','0.4286'),(59,'10000616','50ETF购12月2055',1,1,NULL,'0.3785','19','0.3804','0.3790'),(60,'10000617','50ETF购12月2104',1,1,NULL,'0.3299','19','0.3303','0.3303'),(61,'10000618','50ETF购12月2153',1,1,NULL,'0.2814','19','0.2830','0.2818'),(62,'10000619','50ETF购12月2202',1,1,NULL,'0.2339','19','0.2343','0.2330'),(63,'10000671','50ETF购3月2055',1,1,NULL,'0.3727','19','0.3735','0.3737'),(64,'10000672','50ETF购3月2104',1,1,NULL,'0.3272','19','0.3289','0.3274'),(65,'10000673','50ETF购3月2153',1,1,NULL,'0.2835','19','0.2851','0.2837'),(66,'10000674','50ETF购3月2202',1,1,NULL,'0.2420','19','0.2436','0.2414'),(67,'10000675','50ETF购3月2250',1,1,NULL,'0.2044','19','0.2058','0.2044'),(68,'10000681','50ETF购3月2299',1,1,NULL,'0.1693','19','0.1707','0.1710'),(69,'10000727','50ETF购6月2153',1,1,NULL,'0.2987','19','0.2995','0.3001'),(70,'10000728','50ETF购6月2202',1,1,NULL,'0.2619','19','0.2636','0.2591'),(71,'10000729','50ETF购6月2250',1,1,NULL,'0.2291','19','0.2307','0.2298'),(72,'10000730','50ETF购6月2299',1,1,NULL,'0.1993','19','0.2005','0.1968'),(73,'10000731','50ETF购6月2348',1,1,NULL,'0.1717','19','0.1732','0.1720');
/*!40000 ALTER TABLE `refer_qiquan` ENABLE KEYS */;
UNLOCK TABLES;
/*!40103 SET TIME_ZONE=@OLD_TIME_ZONE */;

/*!40101 SET SQL_MODE=@OLD_SQL_MODE */;
/*!40014 SET FOREIGN_KEY_CHECKS=@OLD_FOREIGN_KEY_CHECKS */;
/*!40014 SET UNIQUE_CHECKS=@OLD_UNIQUE_CHECKS */;
/*!40101 SET CHARACTER_SET_CLIENT=@OLD_CHARACTER_SET_CLIENT */;
/*!40101 SET CHARACTER_SET_RESULTS=@OLD_CHARACTER_SET_RESULTS */;
/*!40101 SET COLLATION_CONNECTION=@OLD_COLLATION_CONNECTION */;
/*!40111 SET SQL_NOTES=@OLD_SQL_NOTES */;

-- Dump completed on 2017-06-16  3:07:47
