-- MySQL dump 10.13  Distrib 5.7.11, for Win32 (AMD64)
--
-- Host: localhost    Database: zhengquan
-- ------------------------------------------------------
-- Server version	5.7.11

/*!40101 SET @OLD_CHARACTER_SET_CLIENT=@@CHARACTER_SET_CLIENT */;
/*!40101 SET @OLD_CHARACTER_SET_RESULTS=@@CHARACTER_SET_RESULTS */;
/*!40101 SET @OLD_COLLATION_CONNECTION=@@COLLATION_CONNECTION */;
/*!40101 SET NAMES utf8 */;
/*!40103 SET @OLD_TIME_ZONE=@@TIME_ZONE */;
/*!40103 SET TIME_ZONE='+00:00' */;
/*!40014 SET @OLD_UNIQUE_CHECKS=@@UNIQUE_CHECKS, UNIQUE_CHECKS=0 */;
/*!40014 SET @OLD_FOREIGN_KEY_CHECKS=@@FOREIGN_KEY_CHECKS, FOREIGN_KEY_CHECKS=0 */;
/*!40101 SET @OLD_SQL_MODE=@@SQL_MODE, SQL_MODE='NO_AUTO_VALUE_ON_ZERO' */;
/*!40111 SET @OLD_SQL_NOTES=@@SQL_NOTES, SQL_NOTES=0 */;

--
-- Table structure for table `gupiao`
--

DROP TABLE IF EXISTS `gupiao`;
/*!40101 SET @saved_cs_client     = @@character_set_client */;
/*!40101 SET character_set_client = utf8 */;
CREATE TABLE `gupiao` (
  `gp_id` int(11) NOT NULL AUTO_INCREMENT,
  `code` varchar(50) NOT NULL,
  `name` varchar(80) DEFAULT '-1',
  `status` tinyint(1) DEFAULT '1',
  `price` float DEFAULT '0',
  `userid` int(11) NOT NULL,
  `createtime` datetime DEFAULT NULL COMMENT '生成时间',
  PRIMARY KEY (`gp_id`),
  UNIQUE KEY `gp_id_UNIQUE` (`gp_id`)
) ENGINE=InnoDB AUTO_INCREMENT=146 DEFAULT CHARSET=utf8;
/*!40101 SET character_set_client = @saved_cs_client */;

--
-- Dumping data for table `gupiao`
--

LOCK TABLES `gupiao` WRITE;
/*!40000 ALTER TABLE `gupiao` DISABLE KEYS */;
INSERT INTO `gupiao` VALUES (51,'600741','华域汽车',1,14.233,37,NULL),(56,'601166','兴业银行',1,12,37,NULL),(57,'600519','贵州茅台',1,250,37,NULL),(59,'600660','福耀玻璃',1,13.9,38,NULL),(67,'600660','福耀玻璃',1,13.677,37,NULL),(68,'601166','兴业银行',1,15.5,72,NULL),(69,'601006','大秦铁路',1,6.35,72,NULL),(70,'999999','test',1,9.9,72,NULL),(71,'000000','注销',0,1,72,NULL),(72,'601939','建设银行',1,4.8,3,NULL),(73,'600519','贵州茅台',1,256.13,3,NULL),(74,'600741','华域汽车',1,14.28,3,NULL),(75,'600660','福耀玻璃',1,14.49,3,NULL),(76,'600265','*ST景谷',1,25.08,3,NULL),(77,'601939','建设银行',0,5.23,12,NULL),(78,'601166','兴业银行',0,15.98,12,NULL),(79,'600519','贵州茅台',0,256.13,12,NULL),(80,'600519','贵州茅台',0,297.68,12,NULL),(81,'656770','test',0,1,12,NULL),(82,'06818','HK光大银行',0,3,12,NULL),(83,'00656','福星',0,13,12,NULL),(84,'00656','复星国际',1,12.2,12,NULL),(85,'00939','建设银行',1,6.35,12,NULL),(86,'06818','中国光大银行',1,3.94,12,NULL),(87,'600741','华域汽车',1,16.97,12,NULL),(88,'150175','H股A',1,0.959,12,NULL),(89,'150194','互联网A',1,1.001,12,NULL),(90,'150207','地产A端',1,0.999,12,NULL),(91,'601166','兴业银行',1,16.66,12,NULL),(92,'601939','建设银行',1,5.89,12,NULL),(93,'600660','福耀玻璃',1,19.39,12,NULL),(94,'600519','贵州茅台',0,297.68,12,NULL),(95,'600519','贵州茅台',0,297.68,12,NULL),(116,'999999','-1',0,0,12,'2017-02-25 21:28:03'),(117,'888888','-1',0,0,12,'2017-02-25 21:29:33'),(118,'666666','-1',0,0,12,'2017-02-25 21:30:17'),(119,'9999','-1',0,0,12,'2017-02-25 22:39:30'),(120,'698688','-1',0,0,12,'2017-02-25 22:42:31'),(121,'9989768','-1',0,0,12,'2017-02-26 10:35:23'),(122,'968765856','-1',0,0,12,'2017-02-26 10:40:51'),(123,'601611','-1',0,0,12,'2017-02-26 20:26:06'),(124,'600519','贵州茅台',1,356.61,12,'2017-02-26 21:15:57'),(125,'300059','东方财富',0,16.61,12,'2017-02-28 19:20:34'),(126,'000006','深振业Ａ',0,8.78,12,'2017-02-28 20:56:14'),(127,'00989','广泽国际发展',0,2.02,12,'2017-03-01 14:50:23'),(128,'00998','中信银行',0,5.33,12,'2017-03-01 14:51:22'),(129,'600016','民生银行',0,9.04,12,'2017-03-01 14:54:00'),(130,'510050','50ETF',0,2.367,12,'2017-03-01 14:54:21'),(131,'510050','50ETF',0,2.367,12,'2017-03-01 14:55:19'),(132,'600837','海通证券',1,15.61,12,'2017-03-01 14:56:05'),(133,'000002','万 科Ａ',0,20.5,12,'2017-03-01 14:57:03'),(134,'601066','-1',0,0,12,'2017-03-01 15:09:49'),(135,'601066','-1',0,0,12,'2017-03-01 15:10:51'),(136,'601611','中国核建',1,17.77,12,'2017-03-01 15:40:13'),(137,'510050','50ETF',0,2.368,12,'2017-03-01 15:40:54'),(138,'510050','50ETF',0,2.368,12,'2017-03-01 15:51:17'),(139,'510050','50ETF',0,2.368,12,'2017-03-01 16:06:25'),(140,'510050','50ETF',0,2.368,12,'2017-03-01 16:09:32'),(141,'510050','50ETF',0,2.368,12,'2017-03-01 16:13:40'),(142,'510050','50ETF',0,2.368,12,'2017-03-01 16:14:12'),(143,'510050','50ETF',0,2.368,12,'2017-03-01 16:17:21'),(144,'510050','50ETF',0,2.368,12,'2017-03-01 16:21:38'),(145,'510050','50ETF',0,2.368,12,'2017-03-01 16:24:27');
/*!40000 ALTER TABLE `gupiao` ENABLE KEYS */;
UNLOCK TABLES;

--
-- Table structure for table `gupiao_deal`
--

DROP TABLE IF EXISTS `gupiao_deal`;
/*!40101 SET @saved_cs_client     = @@character_set_client */;
/*!40101 SET character_set_client = utf8 */;
CREATE TABLE `gupiao_deal` (
  `gd_id` int(11) NOT NULL AUTO_INCREMENT,
  `gp_id` int(11) NOT NULL,
  `userid` int(11) NOT NULL,
  `buysell` float DEFAULT NULL,
  `count` int(11) NOT NULL,
  `dealdate` date DEFAULT NULL,
  `status` tinyint(1) NOT NULL DEFAULT '1',
  `price` float NOT NULL,
  `deal_money` float DEFAULT '0',
  `flag` tinyint(1) NOT NULL DEFAULT '1',
  `remark` varchar(85) DEFAULT NULL,
  PRIMARY KEY (`gd_id`),
  UNIQUE KEY `gd_id_UNIQUE` (`gd_id`)
) ENGINE=InnoDB AUTO_INCREMENT=61 DEFAULT CHARSET=utf8;
/*!40101 SET character_set_client = @saved_cs_client */;

--
-- Dumping data for table `gupiao_deal`
--

LOCK TABLES `gupiao_deal` WRITE;
/*!40000 ALTER TABLE `gupiao_deal` DISABLE KEYS */;
INSERT INTO `gupiao_deal` VALUES (1,51,37,NULL,1000,NULL,1,10.5,NULL,1,NULL),(2,51,37,NULL,1000,NULL,1,11,NULL,2,NULL),(3,51,37,NULL,1000,NULL,1,13.08,NULL,1,NULL),(4,51,37,NULL,1000,NULL,1,13.15,NULL,2,NULL),(5,51,37,NULL,2000,NULL,1,13.18,NULL,1,NULL),(6,51,37,NULL,1000,NULL,1,13.2,NULL,2,NULL),(7,56,37,NULL,2000,NULL,1,12.1,NULL,1,NULL),(8,56,37,NULL,1000,NULL,1,12,NULL,2,NULL),(9,68,72,NULL,50000,NULL,1,15.5,NULL,1,NULL),(10,68,72,NULL,20000,NULL,1,16,NULL,2,NULL),(11,67,37,NULL,3000,NULL,1,13.6,NULL,1,NULL),(12,51,37,NULL,500,'2016-05-05',1,15,NULL,2,NULL),(13,51,37,NULL,3000,'2016-05-17',1,13.9,NULL,1,NULL),(14,51,37,NULL,1000,'2016-05-20',1,15.3,NULL,2,NULL),(15,57,37,NULL,500,'2016-06-06',1,230,NULL,1,NULL),(16,75,3,NULL,2000,'2016-05-20',1,2.5,NULL,1,NULL),(17,75,3,NULL,1000,'2016-05-25',1,2.8,NULL,2,NULL),(18,77,12,NULL,5000,'2016-05-01',1,3,NULL,1,NULL),(19,77,12,NULL,2000,'2016-05-09',1,4,NULL,2,NULL),(20,78,12,NULL,7000,'2016-05-12',1,1,NULL,1,NULL),(21,78,12,NULL,2000,'2016-05-30',1,20,NULL,2,NULL),(22,80,12,NULL,10000,'2015-05-01',1,1,NULL,1,NULL),(23,80,12,NULL,10000,'2015-09-10',1,2,NULL,2,NULL),(24,80,12,NULL,8000,'2013-01-01',1,2,NULL,1,NULL),(25,80,12,NULL,5000,'2015-01-01',1,10,NULL,2,NULL),(26,85,12,NULL,1000,'2016-02-23',1,4.63,3891.23,1,NULL),(27,84,12,NULL,1000,'2016-06-07',1,10.9,9258.7,1,NULL),(29,85,12,NULL,0,'2016-07-26',1,0,219.2,2,'股息'),(30,85,12,NULL,1000,'2016-09-09',1,6.07,5232.73,2,''),(31,86,12,NULL,3000,'2016-09-09',1,3.78,9785.13,1,''),(32,93,12,NULL,500,'2016-04-07',1,15.19,7582.25,2,''),(33,87,12,NULL,400,'2016-04-07',1,15.31,6129.12,1,''),(34,91,12,NULL,0,'2016-06-03',1,0,244,2,'股息'),(35,87,12,NULL,0,'2016-06-22',1,0,972,2,'股息'),(36,91,12,NULL,400,'2016-09-07',1,15.95,6368.49,2,''),(37,91,12,NULL,0,'2016-09-08',1,0,24.4,1,'股息补税'),(38,92,12,NULL,2000,'2016-01-04',1,5.65,11283.5,2,''),(39,87,12,NULL,300,'2016-01-27',1,13.36,4013.08,1,''),(40,91,12,NULL,400,'2015-11-02',1,15.25,6105.12,1,''),(41,92,12,NULL,2000,'2015-10-20',1,5.45,10905.2,1,''),(42,87,12,NULL,500,'2015-10-30',1,15.55,7780.15,1,''),(43,93,12,NULL,500,'2015-10-30',1,13.52,6765.14,1,''),(44,89,12,NULL,5000,'2016-04-14',1,0.973,4870,1,''),(45,89,12,NULL,20000,'2016-04-18',1,0.975,19505,1,''),(46,90,12,NULL,25000,'2016-04-22',1,0.984,24606.5,1,''),(47,87,12,NULL,500,'2016-05-05',1,15.09,7550.15,1,''),(48,87,12,NULL,400,'2016-05-10',1,13.94,5581.11,1,''),(49,90,12,NULL,25000,'2016-08-08',1,1.025,25620,2,''),(50,88,12,NULL,26000,'2016-08-08',1,0.967,25147,1,''),(51,89,12,NULL,25000,'2016-08-24',1,1.034,25845,2,''),(52,88,12,NULL,24000,'2016-08-24',1,0.978,23477,1,''),(53,88,12,NULL,50000,'2016-10-10',1,1.012,50610,2,''),(54,86,12,NULL,7000,'2016-10-11',1,3.68,22317.5,1,''),(55,86,12,NULL,2000,'2016-10-13',1,3.54,6146.66,1,''),(56,86,12,NULL,5000,'2016-11-23',1,3.48,15520.5,1,''),(57,87,12,NULL,0,'2016-06-22',1,0,729,2,'股息'),(58,87,12,NULL,1200,'2016-11-29',1,17.12,20516.9,2,''),(59,87,12,NULL,0,'2016-11-29',1,0,24.3,1,'红利税补缴'),(60,87,12,NULL,0,'2016-11-29',1,0,32.4,1,'红利税补缴');
/*!40000 ALTER TABLE `gupiao_deal` ENABLE KEYS */;
UNLOCK TABLES;

--
-- Table structure for table `qiquan`
--

DROP TABLE IF EXISTS `qiquan`;
/*!40101 SET @saved_cs_client     = @@character_set_client */;
/*!40101 SET character_set_client = utf8 */;
CREATE TABLE `qiquan` (
  `qq_id` int(11) NOT NULL AUTO_INCREMENT,
  `code` varchar(60) NOT NULL,
  `name` tinytext,
  `status` tinyint(1) NOT NULL DEFAULT '1',
  `flag` tinyint(1) NOT NULL DEFAULT '-1',
  `canceldate` date DEFAULT NULL,
  `price` float DEFAULT NULL,
  `userid` int(11) NOT NULL,
  `createtime` datetime(6) DEFAULT NULL,
  PRIMARY KEY (`qq_id`),
  UNIQUE KEY `qq_id_UNIQUE` (`qq_id`)
) ENGINE=InnoDB AUTO_INCREMENT=65 DEFAULT CHARSET=utf8;
/*!40101 SET character_set_client = @saved_cs_client */;

--
-- Dumping data for table `qiquan`
--

LOCK TABLES `qiquan` WRITE;
/*!40000 ALTER TABLE `qiquan` DISABLE KEYS */;
INSERT INTO `qiquan` VALUES (34,'10000699','50ETF购10月2200',0,1,NULL,0.05,12,NULL),(35,'10000712','1',0,2,NULL,1,12,NULL),(36,'10000707','50ETF沽10月2350',0,2,NULL,0.118,12,NULL),(37,'10000706','50ETF沽10月2300',0,2,NULL,0.0742,12,NULL),(38,'10000706','50ETF沽10月2300',0,2,NULL,0.0742,12,NULL),(39,'10000629','50ETF购12月1908A',1,1,NULL,0.3625,12,NULL),(40,'10000630','50ETF沽12月1950',0,2,NULL,0.0035,12,NULL),(41,'10000671','50ETF购3月2100',0,1,NULL,0.1737,12,NULL),(42,'10000682','50ETF沽3月2350',0,2,NULL,0.1823,12,NULL),(43,'10000629','50ETF购12月1950',0,1,NULL,0.361,12,NULL),(44,'10000671','50ETF购3月2055A',1,1,NULL,0.3133,12,NULL),(45,'10000671','50ETF购3月2100',0,1,NULL,0.2084,12,NULL),(46,'10000625','50ETF购12月1957A',1,1,NULL,0.3151,12,NULL),(47,'10000671','50ETF购3月2055',1,1,NULL,0.3737,19,NULL),(48,'10000672','50ETF购3月2104A',1,1,NULL,0.264,12,NULL),(49,'9999900000',NULL,0,-1,NULL,NULL,12,NULL),(50,'8858565',NULL,0,-1,NULL,NULL,12,NULL),(51,'88585659',NULL,0,-1,NULL,NULL,12,NULL),(52,'885856598579',NULL,0,-1,NULL,NULL,12,NULL),(53,'9365865',NULL,0,-1,NULL,NULL,12,NULL),(54,'885680',NULL,0,-1,NULL,NULL,12,NULL),(55,'8856808',NULL,0,-1,NULL,NULL,12,NULL),(56,'999999',NULL,0,-1,NULL,NULL,12,'2017-02-25 21:54:24.893000'),(57,'966869889',NULL,0,-1,NULL,NULL,12,'2017-02-25 22:27:22.109000'),(58,'8888',NULL,0,-1,NULL,NULL,12,'2017-02-25 22:39:38.317000'),(59,'658577',NULL,0,-1,NULL,NULL,12,'2017-02-25 22:42:23.833000'),(60,'10000727','50ETF购6月2153A',1,1,NULL,0.2296,12,'2017-02-26 21:08:40.827000'),(61,'10000679',NULL,0,-1,NULL,NULL,12,'2017-02-28 16:26:22.648000'),(62,'10000677',NULL,0,-1,NULL,NULL,12,'2017-02-28 16:26:46.336000'),(63,'10000697','50ETF沽3月2348A',0,-1,NULL,0.0174,12,'2017-02-28 16:27:44.277000'),(64,'10000867','50ETF购4月2250',1,-1,NULL,0.1243,12,'2017-03-01 16:27:15.518000');
/*!40000 ALTER TABLE `qiquan` ENABLE KEYS */;
UNLOCK TABLES;

--
-- Table structure for table `qiquan_deal`
--

DROP TABLE IF EXISTS `qiquan_deal`;
/*!40101 SET @saved_cs_client     = @@character_set_client */;
/*!40101 SET character_set_client = utf8 */;
CREATE TABLE `qiquan_deal` (
  `qd_id` int(11) NOT NULL AUTO_INCREMENT,
  `qq_id` int(11) NOT NULL,
  `userid` int(11) NOT NULL,
  `buysell` float DEFAULT NULL,
  `flag` tinyint(1) NOT NULL,
  `count` int(11) NOT NULL,
  `dealdate` date DEFAULT NULL,
  `status` tinyint(1) NOT NULL DEFAULT '1',
  `price` float NOT NULL,
  `deal_money` float DEFAULT '0',
  `remark` text NOT NULL COMMENT '备注',
  PRIMARY KEY (`qd_id`),
  UNIQUE KEY `qd_id_UNIQUE` (`qd_id`)
) ENGINE=InnoDB AUTO_INCREMENT=18 DEFAULT CHARSET=utf8;
/*!40101 SET character_set_client = @saved_cs_client */;

--
-- Dumping data for table `qiquan_deal`
--

LOCK TABLES `qiquan_deal` WRITE;
/*!40000 ALTER TABLE `qiquan_deal` DISABLE KEYS */;
INSERT INTO `qiquan_deal` VALUES (3,39,12,NULL,1,2,'2016-07-21',1,0.279,5594,''),(4,39,12,NULL,1,3,'2016-07-21',1,0.2798,8415,''),(5,39,12,NULL,1,2,'2016-09-05',1,0.3406,6826,''),(6,39,12,NULL,2,5,'2016-10-25',1,0.3631,18120,''),(7,39,12,NULL,2,2,'2016-10-25',1,0.3623,7232,''),(10,44,12,NULL,1,7,'2016-10-25',1,0.2198,15435,''),(11,46,12,NULL,1,1,'2016-08-31',1,0.2885,2892,''),(12,47,19,NULL,1,1,'2016-11-02',1,0.2081,2088,''),(13,46,12,NULL,2,1,'2012-11-02',1,0.3032,3025,''),(14,44,12,NULL,1,1,'2016-11-22',1,0.2899,2906,''),(15,48,12,NULL,1,1,'2016-11-29',1,0.301,3017,''),(16,44,12,NULL,2,6,'2016-12-02',1,0.3591,21504,''),(17,48,12,NULL,1,6,'2016-12-02',1,0.3151,18948,'');
/*!40000 ALTER TABLE `qiquan_deal` ENABLE KEYS */;
UNLOCK TABLES;

--
-- Table structure for table `refer_qiquan`
--

DROP TABLE IF EXISTS `refer_qiquan`;
/*!40101 SET @saved_cs_client     = @@character_set_client */;
/*!40101 SET character_set_client = utf8 */;
CREATE TABLE `refer_qiquan` (
  `rq_id` int(11) NOT NULL AUTO_INCREMENT,
  `code` varchar(45) DEFAULT NULL,
  `name` varchar(45) DEFAULT NULL,
  `status` tinyint(1) DEFAULT NULL,
  `flag` tinyint(1) DEFAULT NULL,
  `cancelDate` date DEFAULT NULL,
  `buy_1` varchar(45) DEFAULT NULL,
  `userid` varchar(45) DEFAULT NULL,
  `sale_1` varchar(45) DEFAULT NULL,
  `price` varchar(45) DEFAULT NULL,
  PRIMARY KEY (`rq_id`)
) ENGINE=MyISAM AUTO_INCREMENT=74 DEFAULT CHARSET=utf8 COMMENT='智能期权的对比物';
/*!40101 SET character_set_client = @saved_cs_client */;

--
-- Dumping data for table `refer_qiquan`
--

LOCK TABLES `refer_qiquan` WRITE;
/*!40000 ALTER TABLE `refer_qiquan` DISABLE KEYS */;
INSERT INTO `refer_qiquan` VALUES (45,'10000671','50ETF购3月2055',1,1,NULL,'0.3314','12','0.3319','0.3319'),(46,'10000672','50ETF购3月2104',1,1,NULL,'0.2827','12','0.2833','0.2831'),(47,'10000673','50ETF购3月2153',1,1,NULL,'0.2340','12','0.2347','0.2336'),(48,'10000674','50ETF购3月2202',1,1,NULL,'0.1860','12','0.1867','0.1860'),(49,'10000675','50ETF购3月2250',1,1,NULL,'0.1374','12','0.1381','0.1381'),(50,'10000681','50ETF购3月2299',1,1,NULL,'0.0916','12','0.0922','0.0916'),(51,'10000727','50ETF购6月2153',1,1,NULL,'0.2427','12','0.2431','0.2431'),(52,'10000728','50ETF购6月2202',1,1,NULL,'0.2001','12','0.2008','0.2007'),(53,'10000729','50ETF购6月2250',1,1,NULL,'0.1607','12','0.1612','0.1583'),(54,'10000730','50ETF购6月2299',1,1,NULL,'0.1253','12','0.1262','0.1254'),(55,'10000731','50ETF购6月2348',1,1,NULL,'0.0951','12','0.0956','0.0953'),(56,'10000629','50ETF购12月1908',1,1,NULL,'0.5246','19','0.5255','0.5256'),(57,'10000625','50ETF购12月1957',1,1,NULL,'0.4759','19','0.4777','0.4773'),(58,'10000615','50ETF购12月2006',1,1,NULL,'0.4272','19','0.4292','0.4286'),(59,'10000616','50ETF购12月2055',1,1,NULL,'0.3785','19','0.3804','0.3790'),(60,'10000617','50ETF购12月2104',1,1,NULL,'0.3299','19','0.3303','0.3303'),(61,'10000618','50ETF购12月2153',1,1,NULL,'0.2814','19','0.2830','0.2818'),(62,'10000619','50ETF购12月2202',1,1,NULL,'0.2339','19','0.2343','0.2330'),(63,'10000671','50ETF购3月2055',1,1,NULL,'0.3727','19','0.3735','0.3737'),(64,'10000672','50ETF购3月2104',1,1,NULL,'0.3272','19','0.3289','0.3274'),(65,'10000673','50ETF购3月2153',1,1,NULL,'0.2835','19','0.2851','0.2837'),(66,'10000674','50ETF购3月2202',1,1,NULL,'0.2420','19','0.2436','0.2414'),(67,'10000675','50ETF购3月2250',1,1,NULL,'0.2044','19','0.2058','0.2044'),(68,'10000681','50ETF购3月2299',1,1,NULL,'0.1693','19','0.1707','0.1710'),(69,'10000727','50ETF购6月2153',1,1,NULL,'0.2987','19','0.2995','0.3001'),(70,'10000728','50ETF购6月2202',1,1,NULL,'0.2619','19','0.2636','0.2591'),(71,'10000729','50ETF购6月2250',1,1,NULL,'0.2291','19','0.2307','0.2298'),(72,'10000730','50ETF购6月2299',1,1,NULL,'0.1993','19','0.2005','0.1968'),(73,'10000731','50ETF购6月2348',1,1,NULL,'0.1717','19','0.1732','0.1720');
/*!40000 ALTER TABLE `refer_qiquan` ENABLE KEYS */;
UNLOCK TABLES;
/*!40103 SET TIME_ZONE=@OLD_TIME_ZONE */;

/*!40101 SET SQL_MODE=@OLD_SQL_MODE */;
/*!40014 SET FOREIGN_KEY_CHECKS=@OLD_FOREIGN_KEY_CHECKS */;
/*!40014 SET UNIQUE_CHECKS=@OLD_UNIQUE_CHECKS */;
/*!40101 SET CHARACTER_SET_CLIENT=@OLD_CHARACTER_SET_CLIENT */;
/*!40101 SET CHARACTER_SET_RESULTS=@OLD_CHARACTER_SET_RESULTS */;
/*!40101 SET COLLATION_CONNECTION=@OLD_COLLATION_CONNECTION */;
/*!40111 SET SQL_NOTES=@OLD_SQL_NOTES */;

-- Dump completed on 2017-03-01 17:30:02
